{"HiddenWeights":[[0.20095196411030464,-0.45771940759695423,0.003284177286588217,-0.34438226133838334,0.9218208913042433,0.5373241757330851,0.21994853614611207,-0.44790469044176306,0.6002814524346158,-0.20130616242714108,0.09866845912326314],[0.07898388967657691,-0.9804088726281665,-0.3188732377148371,0.8528251776947882,0.06913401861155274,-0.22997676044871443,0.38654610643189213,-0.13223606954720793,-1.3926037592119263,0.24463783095419397,-0.17501649358483104],[-0.6247406048230253,-0.08801645830156939,-0.8300138572940293,0.3919373807363995,0.8949948988324614,-0.11314139453482823,-0.5045304103503888,-0.2459587325642811,-0.11688348206181831,-0.39622911776596687,0.8247130370927385],[-0.9450196959538198,1.010570505260917,-0.6667720022726564,0.20454990493769043,-0.336056146756978,-0.6407366637603094,0.7991241652634615,-0.9166277277762256,-0.8745175284636681,-0.8902509257734286,-0.02126252388262909],[-0.13091842104282245,0.3431563802622887,-0.0809848417327346,1.2146992553685612,0.15969616386276195,0.19294119692083242,-0.7524811671330627,0.22070849651946517,-0.5394910201296451,-0.5762392525811793,0.8864748690367791]],"OutputWeights":[-0.5043825955655326,-1.4248158378046665,-0.906385454117949,0.09948556411708286,-0.5891014068687327],"InputSize":11,"HiddenSize":5}